batch_elbo,batch_time
-584.3439331054688,0.8645260334014893
-376.3506774902344,0.4076972007751465
-640.7489624023438,0.38326525688171387
-283.2204284667969,0.3823251724243164
